"행정구역별(읍면동)",2019,2019,2019,2019,2019,2019,2019,2019,2019,2019,2019,2019,2019,2019,2019,2019,2019,2019,2019,2019
"행정구역별(읍면동)",총인구 (명),남자 (명),여자 (명),내국인-계 (명),내국인-남자 (명),내국인-여자 (명),외국인-계 (명),외국인-남자 (명),외국인-여자 (명),가구-계 (가구),일반가구 (가구),집단가구 (가구),외국인가구 (가구),주택-계 (호),단독주택 (호),아파트 (호),연립주택 (호),다세대주택 (호),비거주용 건물내 주택 (호),주택이외의 거처 (호)
"전국",51779203,25952070,25827133,50000285,24934662,25065623,1778918,1017408,761510,20891348,20343188,16729,531431,18126954,3917683,11287048,514337,2194943,212943,896930
"읍부",5057507,2599416,2458091,4839016,2459087,2379929,218491,140329,78162,1993797,1937519,2451,53827,1935259,574704,1098180,78176,154284,29915,69227
"면부",4698591,2447379,2251212,4415652,2244382,2171270,282939,202997,79942,2028614,1968717,4080,55817,2085214,1536714,412546,35780,69051,31123,100447
"동부",42023105,20905275,21117830,40745617,20231193,20514424,1277488,674082,603406,16868937,16436952,10198,421787,14106481,1806265,9776322,400381,1971608,151905,727256
"서울특별시",9639541,4690440,4949101,9249364,4500878,4748486,390177,189562,200615,4043957,3896389,2328,145240,2953964,315566,1720691,110968,777205,29534,224878
"종로구",154969,74880,80089,141810,69062,72748,13159,5818,7341,67650,62652,113,4885,46440,12421,15290,5459,12349,921,5084
"중구",130957,63406,67551,118398,57381,61017,12559,6025,6534,59440,54496,98,4846,41754,6035,25823,1940,7095,861,5286
"용산구",227181,110934,116247,206678,99313,107365,20503,11621,8882,99777,93177,80,6520,72463,14487,36181,3959,17107,729,6151
"성동구",299688,146630,153058,287914,141020,146894,11774,5610,6164,127557,122770,79,4708,91037,10782,67058,2021,10095,1081,5851
"광진구",359766,174027,185739,338841,164553,174288,20925,9474,11451,158673,149905,87,8681,89132,15786,32089,4068,35697,1492,6931
"동대문구",355094,174161,180933,334045,165309,168736,21049,8852,12197,157662,148349,126,9187,104821,18990,64081,3280,16834,1636,8791
"중랑구",386331,190531,195800,379240,187569,191671,7091,2962,4129,163422,160776,54,2592,107997,18891,52162,4440,30958,1546,3882
"성북구",445327,213832,231495,429775,207211,222564,15552,6621,8931,182594,176729,162,5703,136437,23156,77457,6044,28315,1465,3474
"강북구",303871,147112,156759,298525,145024,153501,5346,2088,3258,130161,128012,72,2077,97070,18017,34590,4748,38645,1070,2348
"도봉구",323543,156961,166582,320223,155581,164642,3320,1380,1940,127843,126831,58,954,106641,8835,64955,4131,27986,734,3915
"노원구",522480,252662,269818,516201,249784,266417,6279,2878,3401,202930,201458,103,1369,187376,6680,161873,3440,14684,699,3237
"은평구",461530,222076,239454,455140,219283,235857,6390,2793,3597,186841,184890,82,1869,148557,15146,57712,5914,68514,1271,9057
"서대문구",319394,149113,170281,303075,143082,159993,16319,6031,10288,134437,128635,105,5697,97616,12958,50747,5477,27489,945,5464
"마포구",369327,173893,195434,355020,167814,187206,14307,6079,8228,162161,156885,102,5174,119298,11854,68111,3165,34577,1591,14612
"양천구",440354,216078,224276,434133,213211,220922,6221,2867,3354,165106,162867,45,2194,139938,7818,87387,4144,39730,859,6257
"강서구",574097,277365,296732,565054,273209,291845,9043,4156,4887,243220,240135,76,3009,193551,10456,113076,4853,64018,1148,25233
"구로구",435560,217373,218187,389524,192276,197248,46036,25097,20939,178837,160378,106,18353,129693,11692,81131,7399,28622,849,13434
"금천구",249747,127242,122505,222193,112286,109907,27554,14956,12598,111250,99315,81,11854,67012,9011,30996,3913,22548,544,8473
"영등포구",394083,196903,197180,345903,171068,174835,48180,25835,22345,169700,153923,127,15650,101603,14378,69946,1502,14595,1182,23833
"동작구",400368,194049,206319,382396,185757,196639,17972,8292,9680,172323,164963,106,7254,115075,14661,61596,5161,32557,1100,3159
"관악구",507828,254082,253746,482476,242205,240271,25352,11877,13475,253139,242154,174,10811,126526,21510,54355,6438,42253,1970,17235
"서초구",404960,194195,210765,397025,189922,207103,7935,4273,3662,157635,155377,73,2185,131777,6331,92106,5489,26531,1320,7870
"강남구",509199,244403,264796,499474,239049,260425,9725,5354,4371,209768,206524,84,3160,170444,7196,122664,5919,32872,1793,13246
"송파구",648600,313725,334875,637683,308300,329383,10917,5425,5492,256160,252212,80,3868,208692,8255,125800,4899,68133,1605,15224
"강동구",415287,204807,210480,408618,201609,207009,6669,3198,3471,165671,162976,55,2640,123014,10220,73505,3165,35001,1123,6831
"부산광역시",3372692,1655566,1717126,3312190,1621545,1690645,60502,34021,26481,1392291,1377030,780,14481,1249757,202101,831294,31073,171485,13804,69265
"읍부",144728,71577,73151,142250,69854,72396,2478,1723,755,55792,55263,33,496,53159,5485,42101,1373,3719,481,1595
"면부",16004,8032,7972,15761,7882,7879,243,150,93,6977,6915,6,56,6669,2810,3408,137,141,173,263
"동부",3211960,1575957,1636003,3154179,1543809,1610370,57781,32148,25633,1329522,1314852,741,13929,1189929,193806,785785,29563,167625,13150,67407
"중구",41958,20861,21097,39547,19329,20218,2411,1532,879,20483,19847,18,618,17095,4486,5650,710,5443,806,1818
"서구",105847,51645,54202,103459,50094,53365,2388,1551,837,47186,46608,51,527,40431,14275,17172,1287,7138,559,2461
"동구",85673,41817,43856,83156,40610,42546,2517,1207,1310,38948,38163,30,755,32199,13660,12322,1011,4616,590,2653
"영도구",117959,59370,58589,115822,58013,57809,2137,1357,780,50231,49823,38,370,46522,14290,26701,1180,3808,543,1133
"부산진구",352390,169565,182825,349015,168185,180830,3375,1380,1995,153322,152433,70,819,137886,23795,90152,1652,20834,1453,11004
"동래구",260986,126910,134076,259605,126369,133236,1381,541,840,103600,103176,38,386,93805,12859,63921,2724,13003,1298,4846
"남구",278849,137062,141787,271366,133232,138134,7483,3830,3653,113506,111594,72,1840,107984,18056,63837,3157,21966,968,3704
"북구",285098,140888,144210,281975,139449,142526,3123,1439,1684,113002,112242,41,719,106359,7378,86331,2321,9648,681,2079
"해운대구",392846,190184,202662,387764,187573,200191,5082,2611,2471,157561,156230,46,1285,143894,12262,114064,2502,14152,914,13114
"사하구",319828,159399,160429,313995,155824,158171,5833,3575,2258,130005,128548,68,1389,117239,17484,81660,5124,11925,1046,5023
"금정구",244726,119368,125358,239104,116936,122168,5622,2432,3190,103039,101294,93,1652,86185,16032,47956,3091,17785,1321,3905
"강서구",128809,68244,60565,122060,62519,59541,6749,5725,1024,48509,47138,52,1319,43718,8762,33592,290,658,416,2891
"연제구",203959,98035,105924,202851,97589,105262,1108,446,662,83732,83398,33,301,73078,10644,49372,1520,10639,903,4856
"수영구",170414,80762,89652,168562,79836,88726,1852,926,926,74773,74187,33,553,67214,10109,36126,2206,18009,764,4216
"사상구",222618,111847,110771,215898,108251,107647,6720,3596,3124,91625,90171,58,1396,76320,9714,56929,788,8001,888,3704
"기장군",160732,79609,81123,158011,77736,80275,2721,1873,848,62769,62178,39,552,59828,8295,45509,1510,3860,654,1858
"대구광역시",2429940,1203754,1226186,2389848,1181573,1208275,40092,22181,17911,979852,968620,559,10673,800340,147565,579777,9438,52880,10680,20910
"읍부",236543,120694,115849,229372,116242,113130,7171,4452,2719,89039,87069,54,1916,86231,8627,74494,579,1716,815,2135
"면부",21931,11597,10334,20400,10370,10030,1531,1227,304,9018,8682,25,311,8780,4360,3843,86,336,155,564
"동부",2171466,1071463,1100003,2140076,1054961,1085115,31390,16502,14888,881795,872869,480,8446,705329,134578,501440,8773,50828,9710,18211
"중구",75561,36413,39148,74662,35964,38698,899,449,450,34523,34207,41,275,25874,6695,16541,628,1153,857,3101
"동구",337439,165927,171512,334898,165031,169867,2541,896,1645,139879,139168,80,631,120976,23536,80399,2308,12955,1778,3491
"서구",175243,87869,87374,171891,86010,85881,3352,1859,1493,75067,73980,48,1039,53200,22373,17970,760,10916,1181,1146
"남구",147500,70522,76978,145655,69762,75893,1845,760,1085,68768,68268,56,444,41984,19544,15322,562,5661,895,1033
"북구",446050,222873,223177,439084,219367,219717,6966,3506,3460,176876,174696,84,2096,143485,20070,113473,1851,6239,1852,3644
"수성구",415283,202137,213146,412809,201042,211767,2474,1095,1379,158648,157906,44,698,136216,21415,105136,1305,7196,1164,2632
"달서구",574390,285722,288668,561077,277785,283292,13313,7937,5376,228034,224644,127,3263,183594,20945,152599,1359,6708,1983,3164
"달성군",258474,132291,126183,249772,126612,123160,8702,5679,3023,98057,95751,79,2227,95011,12987,78337,665,2052,970,2699
"인천광역시",2952237,1484528,1467709,2852063,1427538,1424525,100174,56990,43184,1150455,1120576,839,29040,1019365,97302,648403,26309,238301,9050,78151
"읍부",21707,10746,10961,21367,10585,10782,340,161,179,8688,8595,9,84,8770,3358,1155,819,3287,151,254
"면부",62568,32961,29607,61343,32087,29256,1225,874,351,27670,27315,63,292,28084,23467,1929,559,1496,633,1457
"동부",2867962,1440821,1427141,2769353,1384866,1384487,98609,55955,42654,1114097,1084666,767,28664,982511,70477,645319,24931,233518,8266,76440
"중구",131863,68277,63586,126612,65455,61157,5251,2822,2429,57204,55660,66,1478,50445,8168,32038,1810,7736,693,5360
"동구",63003,31760,31243,61744,31053,30691,1259,707,552,25539,25183,18,338,24497,6442,14429,320,3031,275,637
"연수구",374413,186902,187511,355529,176863,178666,18884,10039,8845,136244,130428,70,5746,119272,3506,108138,892,6438,298,7068
"남동구",533119,267291,265828,515481,255756,259725,17638,11535,6103,208136,203704,135,4297,185746,8362,126782,3093,46245,1264,16311
"부평구",514385,254711,259674,493540,244177,249363,20845,10534,10311,202092,194930,114,7048,169538,11457,107421,4404,44882,1374,19869
"계양구",298912,148434,150478,294175,146295,147880,4737,2139,2598,114163,112858,76,1229,106268,3770,67831,1730,32293,644,3924
"서구",540655,275606,265049,523012,263711,259301,17643,11895,5748,200391,195663,130,4598,181040,8754,120480,8738,42088,980,9076
"미추홀구",411612,207840,203772,399260,201556,197704,12352,6284,6068,170328,166240,158,3930,145705,20018,68200,3944,50805,2738,14195
"강화군",65235,32781,32454,64004,31985,32019,1231,796,435,27377,27048,65,264,28714,20830,2347,1031,3932,574,1300
"옹진군",19040,10926,8114,18706,10687,8019,334,239,95,8981,8862,7,112,8140,5995,737,347,851,210,411
"광주광역시",1489730,741287,748443,1456444,722939,733505,33286,18348,14938,596078,587159,418,8501,526161,82695,419567,9383,8649,5867,14214
"동구",103754,51747,52007,101181,50421,50760,2573,1326,1247,45719,44954,55,710,37639,11221,22269,913,2328,908,1472
"서구",298033,147067,150966,295601,145929,149672,2432,1138,1294,123669,122889,56,724,105064,14035,87006,1413,1559,1051,4875
"남구",217972,105267,112705,215820,104374,111446,2152,893,1259,86624,86172,51,401,80261,15822,60858,1484,1254,843,1364
"북구",446661,222727,223934,439737,219360,220377,6924,3367,3557,180639,178759,109,1771,159349,23603,128621,2307,2686,2132,3288
"광산구",423310,214479,208831,404105,202855,201250,19205,11624,7581,159427,154385,147,4895,143848,18014,120813,3266,822,933,3215
"대전광역시",1498839,751585,747254,1473692,739521,734171,25147,12064,13083,616363,609043,482,6838,492797,80106,362190,10470,34727,5304,12247
"동구",237273,119605,117668,230735,116497,114238,6538,3108,3430,102600,100718,102,1780,79740,19205,50046,2281,7047,1161,1112
"중구",234995,115835,119160,232914,115035,117879,2081,800,1281,96758,96106,84,568,82320,18325,51740,2470,8315,1470,1278
"서구",480920,236242,244678,476257,234264,241993,4663,1978,2685,198286,196870,115,1301,152276,20466,121291,2573,6948,998,4131
"유성구",366544,189078,177466,357945,184541,173404,8599,4537,4062,145746,143172,125,2449,117035,11272,99621,1585,3683,874,4638
"대덕구",179107,90825,88282,175841,89184,86657,3266,1641,1625,72973,72177,56,740,61426,10838,39492,1561,8734,801,1088
"울산광역시",1143692,591965,551727,1115088,574546,540542,28604,17419,11185,445731,437094,234,8403,391596,66107,286234,7900,24809,6546,11446
"읍부",171448,89957,81491,164125,85278,78847,7323,4679,2644,64098,61634,36,2428,59259,9840,44709,1139,2723,848,1033
"면부",55053,29048,26005,51900,26482,25418,3153,2566,587,23386,22760,55,571,23734,11938,9151,799,1326,520,1542
"동부",917191,472960,444231,899063,462786,436277,18128,10174,7954,358247,352700,143,5404,308603,44329,232374,5962,20760,5178,8871
"중구",219428,111433,107995,216449,110164,106285,2979,1269,1710,87819,86756,22,1041,70927,15158,45581,1893,6933,1362,2037
"남구",322135,164591,157544,315224,160907,154317,6911,3684,3227,130986,128579,67,2340,108443,13943,81739,2191,8252,2318,5022
"동구",162104,86075,76029,157271,82900,74371,4833,3175,1658,61905,60684,26,1195,53125,7904,39209,1391,3778,843,972
"북구",213524,110861,102663,210119,108815,101304,3405,2046,1359,77537,76681,28,828,76108,7324,65845,487,1797,655,840
"울주군",226501,119005,107496,216025,111760,104265,10476,7245,3231,87484,84394,91,2999,82993,21778,53860,1938,4049,1368,2575
"세종특별자치시",338136,170148,167988,330307,165288,165019,7829,4860,2969,131679,129664,102,1913,132257,16168,112722,1113,1547,707,3204
"읍부",50338,26341,23997,48174,25150,23024,2164,1191,973,21296,20455,32,809,16615,2954,11665,739,890,367,349
"면부",51408,28335,23073,47450,25419,22031,3958,2916,1042,23448,22600,63,785,18750,12847,4725,187,651,340,1131
"동부",236390,115472,120918,234683,114719,119964,1707,753,954,86935,86609,7,319,96892,367,96332,187,6,X,1724
"세종시",338136,170148,167988,330307,165288,165019,7829,4860,2969,131679,129664,102,1913,132257,16168,112722,1113,1547,707,3204
"경기도",13300900,6740448,6560452,12706105,6385194,6320911,594795,355254,239541,5097857,4907660,4151,186046,4354776,504227,3021258,128890,665613,34788,260676
"읍부",1459827,760526,699301,1372375,702336,670039,87452,58190,29262,554215,531700,678,21837,518902,83349,317600,23602,88908,5443,23494
"면부",807497,448730,358767,710653,374316,336337,96844,74414,22430,314331,293320,1064,19947,271478,162386,57854,9029,35784,6425,29411
"동부",11033576,5531192,5502384,10623077,5308542,5314535,410499,222650,187849,4229311,4082640,2409,144262,3564396,258492,2645804,96259,540921,22920,207771
"수원시",1214986,614493,600493,1158800,584662,574138,56186,29831,26355,479379,457351,236,21792,371665,32583,271865,8617,56042,2558,20354
"장안구",282288,143174,139114,271875,137699,134176,10413,5475,4938,107308,103478,78,3752,85567,8933,55140,1760,18999,735,1259
"권선구",374770,189282,185488,359431,181368,178063,15339,7914,7425,147324,141421,41,5862,119081,10332,85224,2299,20378,848,3383
"팔달구",189052,95973,93079,168601,84799,83802,20451,11174,9277,83269,74470,65,8734,57334,9256,31119,1927,14297,735,5510
"영통구",368876,186064,182812,358893,180796,178097,9983,5268,4715,141478,137982,52,3444,109683,4062,100382,2631,2368,240,10202
"성남시",919895,455369,464526,893188,441870,451318,26707,13499,13208,371437,361413,120,9904,257377,33268,178415,10754,33335,1605,30439
"수정구",241256,121729,119527,225627,113783,111844,15629,7946,7683,105491,98955,39,6497,59333,18020,28261,985,11460,607,3451
"중원구",216005,108919,107086,211236,106644,104592,4769,2275,2494,90746,88878,38,1830,59647,9958,27942,938,20049,760,4908
"분당구",462634,224721,237913,456325,221443,234882,6309,3278,3031,175200,173580,43,1577,138397,5290,122212,8831,1826,238,22080
"의정부시",440357,216737,223620,433491,213519,219972,6866,3218,3648,172232,170040,117,2075,150397,12824,112432,2882,21159,1100,4950
"안양시",557339,275659,281680,546191,270130,276061,11148,5529,5619,209927,205695,87,4145,178130,9588,130792,3349,33166,1235,9975
"만안구",246200,122820,123380,237827,118626,119201,8373,4194,4179,95935,92620,65,3250,76286,6643,45698,2082,21119,744,3404
"동안구",311139,152839,158300,308364,151504,156860,2775,1335,1440,113992,113075,22,895,101844,2945,85094,1267,12047,491,6571
"부천시",836751,415264,421487,801074,397134,403940,35677,18130,17547,324811,311910,199,12702,267622,17419,151839,7381,88301,2682,20243
"광명시",313462,154896,158566,304507,150471,154036,8955,4425,4530,118926,115414,36,3476,103740,5604,72433,1627,23502,574,4952
"평택시",521172,271966,249206,487635,252234,235401,33537,19732,13805,208466,197997,204,10265,210018,33237,138240,7393,29087,2061,6493
"동두천시",96541,48387,48154,91940,45802,46138,4601,2585,2016,38390,37297,60,1033,37452,6557,21511,2547,6451,386,1017
"안산시",714650,370739,343911,635294,325047,310247,79356,45692,33664,283124,253140,307,29677,207974,15746,104870,9166,76800,1392,11565
"상록구",356620,181899,174721,337575,171951,165624,19045,9948,9097,141936,134952,114,6870,105887,8001,41721,1233,54188,744,2125
"단원구",358030,188840,169190,297719,153096,144623,60311,35744,24567,141188,118188,193,22807,102087,7745,63149,7933,22612,648,9440
"고양시",1024645,501941,522704,1005549,491852,513697,19096,10089,9007,390836,385021,220,5595,327782,21053,257821,11267,35987,1654,33730
"덕양구",448571,221937,226634,441142,218274,222868,7429,3663,3766,174973,172880,88,2005,152055,9729,113181,4989,23257,899,9165
"일산동구",287041,139807,147234,280372,135930,144442,6669,3877,2792,111229,109198,98,1933,81576,7653,61287,4109,8088,439,19159
"일산서구",289033,140197,148836,284035,137648,146387,4998,2549,2449,104634,102943,34,1657,94151,3671,83353,2169,4642,316,5406
"과천시",53830,26584,27246,53413,26355,27058,417,229,188,19023,18901,11,111,13008,1712,9063,276,1858,99,463
"구리시",192270,95221,97049,190207,94208,95999,2063,1013,1050,72624,71974,26,624,58998,5135,45600,2311,5480,472,1722
"남양주시",681077,339886,341191,670201,333319,336882,10876,6567,4309,246337,243802,192,2343,233886,16869,178468,11370,25625,1554,6937
"오산시",233998,120893,113105,218910,112986,105924,15088,7907,7181,93117,87151,64,5902,81342,5233,65992,1561,7996,560,2356
"시흥시",508749,269625,239124,458466,239821,218645,50283,29804,20479,198515,178734,151,19630,164258,7331,129151,1642,24821,1313,11537
"군포시",275154,136614,138540,264719,131183,133536,10435,5431,5004,104573,100586,66,3921,90977,3579,73838,1197,11891,472,3667
"의왕시",155826,77677,78149,154005,76719,77286,1821,958,863,57588,57061,33,494,52452,2731,40119,715,8639,248,1495
"하남시",260544,130979,129565,256981,128909,128072,3563,2070,1493,102261,101231,28,1002,79750,6213,69856,1137,1920,624,10461
"용인시",1052529,525139,527390,1024132,508761,515371,28397,16378,12019,379061,371752,306,7003,344619,29652,270018,11098,32108,1743,13382
"처인구",266647,138547,128100,252024,129137,122887,14623,9410,5213,99739,95858,165,3716,90135,18945,41230,5895,22805,1260,4056
"기흥구",434075,214565,219510,424982,209966,215016,9093,4599,4494,153278,151111,84,2083,138940,7185,121269,3348,6829,309,4501
"수지구",351807,172027,179780,347126,169658,177468,4681,2369,2312,126044,124783,57,1204,115544,3522,107519,1855,2474,174,4825
"파주시",454328,233834,220494,437840,222198,215642,16488,11636,4852,167957,164306,194,3457,152606,26287,106461,3757,14780,1321,7346
"이천시",222995,115769,107226,211978,109094,102884,11017,6675,4342,83144,80367,120,2657,75940,22103,38599,3344,10701,1193,3724
"안성시",202284,105953,96331,184506,94517,89989,17778,11436,6342,79302,74066,185,5051,74462,21480,44928,2685,4479,890,3614
"김포시",442910,229269,213641,414839,207712,207127,28071,21557,6514,162871,156040,113,6718,146321,13184,119238,4593,8392,914,9604
"화성시",838635,444058,394577,781512,403808,377704,57123,40250,16873,312599,298397,410,13792,285879,32425,230138,4406,16960,1950,21378
"광주시",375238,194288,180950,356432,181623,174809,18806,12665,6141,141279,136730,110,4439,125545,16186,48202,3916,56182,1059,4526
"양주시",224684,115541,109143,213908,107708,106200,10776,7833,2943,83851,81582,145,2124,79875,10815,59763,1322,7018,957,3368
"포천시",159871,87476,72395,140938,73405,67533,18933,14071,4862,62275,58273,143,3859,54168,21179,19731,2609,9521,1128,5512
"여주시",111981,57249,54732,106631,53999,52632,5350,3250,2100,44009,42903,103,1003,41059,20239,14182,1418,4287,933,2036
"연천군",42540,22578,19962,41111,21565,19546,1429,1013,416,18043,17681,29,333,16111,8863,4536,1201,1107,404,880
"가평군",59823,30360,29463,58294,29676,28618,1529,684,845,25361,24950,54,357,25995,14613,5306,1912,3339,825,1205
"양평군",111836,56004,55832,109413,54907,54506,2423,1097,1326,46539,45895,82,562,45368,30519,7851,1437,4679,882,1745
"강원도",1520127,767717,752410,1493119,753098,740021,27008,14619,12389,641021,633942,637,6442,627376,236397,346389,20977,12336,11277,16122
"읍부",256203,131052,125151,251290,128300,122990,4913,2752,2161,105531,104357,144,1030,107535,48228,46108,6244,4264,2691,3279
"면부",350394,181717,168677,341959,176831,165128,8435,4886,3549,152493,150561,265,1667,160192,111632,38759,3586,2784,3431,5734
"동부",913530,454948,458582,899870,447967,451903,13660,6981,6679,382997,379024,228,3745,359649,76537,261522,11147,5288,5155,7109
"춘천시",284753,140095,144658,278878,137000,141878,5875,3095,2780,115187,113550,95,1542,100791,27234,68965,1803,1431,1358,2064
"원주시",349319,174245,175074,344184,171454,172730,5135,2791,2344,143720,142352,112,1256,137734,30269,103631,1172,1209,1453,3150
"강릉시",216357,108707,107650,212865,106920,105945,3492,1787,1705,93078,92093,105,880,85780,29481,50175,2919,1470,1735,1868
"동해시",86780,44086,42694,85575,43365,42210,1205,721,484,36613,36214,23,376,38906,10461,24961,1657,1152,675,679
"태백시",42474,21366,21108,42106,21259,20847,368,107,261,18640,18536,20,84,20595,5965,11525,2553,145,407,377
"속초시",78643,39015,39628,77209,38163,39046,1434,852,582,34550,34213,19,318,36090,8544,24949,1497,483,617,962
"삼척시",67210,34827,32383,66197,34244,31953,1013,583,430,29615,29361,35,219,30699,13381,14268,1565,920,565,601
"홍천군",66634,34090,32544,65216,33291,31925,1418,799,619,28728,28356,46,326,29593,18753,8034,1521,629,656,894
"횡성군",44431,22615,21816,43422,22052,21370,1009,563,446,19162,18912,27,223,19741,14196,4361,375,465,344,765
"영월군",36332,18696,17636,35813,18483,17330,519,213,306,16730,16608,21,101,17171,11425,3908,658,792,388,569
"평창군",39657,20341,19316,39002,20051,18951,655,290,365,17963,17758,24,181,21396,12529,5398,1933,1053,483,723
"정선군",35255,18390,16865,34816,18256,16560,439,134,305,15707,15595,21,91,16994,10062,5605,379,494,454,540
"철원군",43520,22869,20651,42433,22217,20216,1087,652,435,17090,16770,21,299,16579,9258,4947,1001,921,452,835
"화천군",23425,12636,10789,23025,12443,10582,400,193,207,9826,9713,14,99,9795,5862,2977,478,242,236,424
"양구군",21780,11569,10211,21365,11413,9952,415,156,259,8612,8519,12,81,8211,4765,2696,324,174,252,317
"인제군",30133,16333,13800,29630,16071,13559,503,262,241,12459,12326,10,123,12152,7533,3354,531,331,403,404
"고성군",27144,14505,12639,25520,13321,12199,1624,1184,440,11292,11132,18,142,11559,8764,2193,109,121,372,500
"양양군",26280,13332,12948,25863,13095,12768,417,237,180,12049,11934,14,101,13590,7915,4442,502,304,427,450
"충청북도",1629343,832543,796800,1569560,795522,774038,59783,37021,22762,670865,654713,799,15353,625957,209753,369668,16203,20539,9794,18402
"읍부",349009,181615,167394,333325,171693,161632,15684,9922,5762,141413,137084,227,4102,136104,40015,82112,5227,6628,2122,4997
"면부",338833,179013,159820,316429,163126,153303,22404,15887,6517,148287,143573,343,4371,155756,107538,38364,2924,4832,2098,7024
"동부",941501,471915,469586,919806,460703,459103,21695,11212,10483,381165,374056,229,6880,334097,62200,249192,8052,9079,5574,6381
"충주시",216446,110758,105688,208759,105977,102782,7687,4781,2906,92220,90191,92,1937,92114,29980,52629,3028,4903,1574,1940
"제천시",136093,68500,67593,133782,67369,66413,2311,1131,1180,57908,57422,57,429,57548,20907,32464,1867,992,1318,1158
"청주시",850938,429372,421566,830095,417979,412116,20843,11393,9450,341101,334431,222,6448,292599,63292,213931,5119,6220,4037,8165
"상당구",173783,86676,87107,172165,85947,86218,1618,729,889,66640,66169,53,418,61993,16445,41446,1382,1788,932,956
"서원구",210273,104590,105683,205407,102101,103306,4866,2489,2377,85203,83743,52,1408,72227,14031,54620,1242,1195,1139,1576
"흥덕구",266301,135116,131185,258149,130585,127564,8152,4531,3621,108024,105115,55,2854,89843,17930,67613,1321,2058,921,3676
"청원구",200581,102990,97591,194374,99346,95028,6207,3644,2563,81234,79404,62,1768,68536,14886,50252,1174,1179,1045,1957
"보은군",32001,16139,15862,31293,15790,15503,708,349,359,14206,14044,23,139,15657,11795,2998,305,292,267,534
"옥천군",49117,24706,24411,48069,24080,23989,1048,626,422,20575,20331,31,213,21576,14012,5560,516,1080,408,713
"영동군",48004,24076,23928,46907,23445,23462,1097,631,466,21040,20749,74,217,21104,15198,3990,911,676,329,681
"진천군",87525,47307,40218,78467,41050,37417,9058,6257,2801,35362,32901,82,2379,36556,10681,20616,1651,3181,427,1357
"괴산군",38808,20265,18543,37290,19300,17990,1518,965,553,17267,17013,41,213,16836,14214,1557,275,475,315,732
"음성군",104823,58027,46796,90758,47851,42907,14065,10176,3889,42669,39538,143,2988,42864,16185,22923,1047,2179,530,2420
"단양군",28095,14146,13949,27781,14025,13756,314,121,193,12791,12719,18,54,13854,9408,2779,1028,313,326,362
"증평군",37493,19247,18246,36359,18656,17703,1134,591,543,15726,15374,16,336,15249,4081,10221,456,228,263,340
"충청남도",2188649,1124678,1063971,2084631,1061585,1023046,104018,63093,40925,892159,864102,1156,26901,850525,307197,467790,23186,41242,11110,33131
"읍부",509047,262579,246468,487871,249601,238270,21176,12978,8198,206777,201399,279,5099,207091,67038,114365,9091,13105,3492,6915
"면부",671818,352947,318871,621192,319076,302116,50626,33871,16755,279017,267585,592,10840,286577,193152,77177,4540,8600,3108,10697
"동부",1007784,509152,498632,975568,492908,482660,32216,16244,15972,406365,395118,285,10962,356857,47007,276248,9555,19537,4510,15519
"천안시",679743,348353,331390,649584,330692,318892,30159,17661,12498,273053,264383,305,8365,238264,33997,182037,6131,13331,2768,13659
"동남구",279153,142402,136751,265485,134436,131049,13668,7966,5702,112087,108123,150,3814,98376,19901,66670,3927,6442,1436,3205
"서북구",400590,205951,194639,384099,196256,187843,16491,9695,6796,160966,156260,155,4551,139888,14096,115367,2204,6889,1332,10454
"공주시",109877,54485,55392,106959,52984,53975,2918,1501,1417,45543,44816,77,650,45271,23830,18074,1335,1304,728,1392
"보령시",99320,51427,47893,95202,48314,46888,4118,3113,1005,42160,41410,54,696,43005,22697,16818,1615,1032,843,1306
"아산시",347032,182818,164214,318633,165184,153449,28399,17634,10765,131316,123229,198,7889,123673,24661,90957,1943,5095,1017,4027
"서산시",175204,91088,84116,168621,87440,81181,6583,3648,2935,72030,70024,68,1938,72837,23230,42033,2097,4662,815,1551
"논산시",122111,61167,60944,116166,58076,58090,5945,3091,2854,50560,49004,79,1477,48874,28050,17565,1234,1296,729,1665
"계룡시",41153,20531,20622,40839,20369,20470,314,162,152,15110,15028,10,72,16225,1437,14099,260,380,49,385
"당진시",169171,90358,78813,160567,84675,75892,8604,5683,2921,70240,67758,86,2396,63441,22898,33414,2279,4064,786,2280
"금산군",54442,27198,27244,51201,25584,25617,3241,1614,1627,23172,22450,46,676,23104,16070,4946,609,1101,378,1031
"부여군",65337,32446,32891,63440,31450,31990,1897,996,901,28303,27982,41,280,29614,22323,4978,915,897,501,786
"서천군",51826,26010,25816,49836,24562,25274,1990,1448,542,22945,22581,35,329,24917,18489,3699,1246,1048,435,690
"청양군",30783,15600,15183,29885,15162,14723,898,438,460,13571,13382,18,171,13995,11397,1650,295,477,176,486
"홍성군",102791,51530,51261,99198,49116,50082,3593,2414,1179,43075,42235,51,789,43617,20271,19686,823,2054,783,1665
"예산군",78963,40300,38663,75571,37989,37582,3392,2311,1081,33702,32933,61,708,35439,20642,10484,1393,2394,526,1194
"태안군",60896,31367,29529,58929,29988,28941,1967,1379,588,27379,26887,27,465,28249,17205,7350,1011,2107,576,1014
"전라북도",1807423,902704,904719,1763463,878627,884836,43960,24077,19883,749586,738307,716,10563,724524,281271,401005,16556,14999,10693,17145
"읍부",156875,78890,77985,151177,75787,75390,5698,3103,2595,63766,62458,99,1209,62877,30172,27530,2701,1373,1101,2193
"면부",363012,181958,181054,351206,174846,176360,11806,7112,4694,164621,162279,233,2109,177176,157277,14431,1910,1356,2202,6755
"동부",1287536,641856,645680,1261080,627994,633086,26456,13862,12594,521199,513570,384,7245,484471,93822,359044,11945,12270,7390,8197
"전주시",662086,327260,334826,651092,322025,329067,10994,5235,5759,264980,261378,165,3437,232631,41547,176302,4716,7102,2964,3226
"완산구",341123,166781,174342,336237,164451,171786,4886,2330,2556,138482,136857,89,1536,119541,20831,92412,2205,2576,1517,1701
"덕진구",320963,160479,160484,314855,157574,157281,6108,2905,3203,126498,124521,76,1901,113090,20716,83890,2511,4526,1447,1525
"군산시",270635,138144,132491,262499,132902,129597,8136,5242,2894,111064,108999,98,1967,113112,29119,76460,4306,1404,1823,2419
"익산시",290119,145682,144437,283074,142016,141058,7045,3666,3379,120166,118313,112,1741,116378,34988,73483,2453,3402,2052,2451
"정읍시",107348,53527,53821,103510,51189,52321,3838,2338,1500,46260,45455,66,739,46927,26241,18852,582,477,775,1571
"남원시",77690,38019,39671,76215,37371,38844,1475,648,827,33610,33242,34,334,33980,20530,12251,296,311,592,1011
"김제시",80422,40068,40354,77674,38236,39438,2748,1832,916,35023,34491,56,476,37759,24574,11474,1015,242,454,1269
"완주군",96212,49610,46602,91499,46859,44640,4713,2751,1962,38453,37510,67,876,37782,19470,17143,304,480,385,1323
"진안군",23013,11446,11567,22501,11245,11256,512,201,311,10460,10348,11,101,10724,9058,971,535,26,134,498
"무주군",22852,11323,11529,22522,11221,11301,330,102,228,10366,10296,16,54,10940,8946,1392,190,238,174,457
"장수군",21267,10544,10723,20740,10303,10437,527,241,286,9371,9248,12,111,9531,8086,804,334,133,174,358
"임실군",26144,13099,13045,25664,12893,12771,480,206,274,12093,11985,12,96,12843,10620,1723,175,193,132,401
"순창군",26642,12782,13860,26115,12579,13536,527,203,324,11586,11476,13,97,12943,10916,1403,295,159,170,387
"고창군",53260,26405,26855,51850,25664,26186,1410,741,669,23874,23540,27,307,25219,19632,3823,1005,384,375,853
"부안군",49733,24795,24938,48508,24124,24384,1225,671,554,22280,22026,27,227,23755,17544,4924,350,448,489,921
"전라남도",1787543,901813,885730,1739765,872070,867695,47778,29743,18035,751965,741026,904,10035,787816,401717,346990,15651,10787,12671,24484
"읍부",434488,219553,214935,419627,209944,209683,14861,9609,5252,177009,173081,307,3621,180666,84448,81663,6543,4315,3697,7257
"면부",572417,286705,285712,553321,274216,279105,19096,12489,6607,260916,256981,351,3584,288109,251602,30225,2072,1217,2993,8969
"동부",780638,395555,385083,766817,387910,378907,13821,7645,6176,314040,310964,246,2830,319041,65667,235102,7036,5255,5981,8258
"목포시",228876,114854,114022,224344,112269,112075,4532,2585,1947,93916,92846,81,989,91490,21405,65121,1506,1812,1646,3506
"여수시",270283,139231,131052,263850,134667,129183,6433,4564,1869,110825,109473,96,1256,112752,38168,69258,1235,1546,2545,1789
"순천시",270202,134542,135660,267315,133190,134125,2887,1352,1535,107128,106414,76,638,111831,32301,74653,1541,1532,1804,1915
"나주시",112101,55881,56220,108239,53686,54553,3862,2195,1667,47649,46928,74,647,53024,24423,27149,479,522,451,2777
"광양시",143656,74523,69133,141404,73488,67916,2252,1035,1217,56685,56134,49,502,60427,13743,41920,2981,826,957,1053
"담양군",43804,21950,21854,42345,21207,21138,1459,743,716,17974,17663,36,275,18299,15667,1854,191,272,315,895
"곡성군",27858,13690,14168,27151,13296,13855,707,394,313,12779,12630,24,125,13484,11595,1162,342,191,194,386
"구례군",23836,11471,12365,23499,11354,12145,337,117,220,10873,10786,14,73,11661,10026,1051,253,131,200,394
"고흥군",60332,29496,30836,58821,28509,30312,1511,987,524,29298,28933,30,335,33687,27886,3227,850,1267,457,777
"보성군",38339,18442,19897,37654,18157,19497,685,285,400,17839,17708,28,103,19491,16246,2447,497,115,186,556
"화순군",59671,28900,30771,58369,28290,30079,1302,610,692,25005,24708,41,256,27942,15336,11959,291,79,277,823
"장흥군",35494,17250,18244,34665,16827,17838,829,423,406,16497,16350,17,130,17596,13893,2532,727,156,288,577
"강진군",32805,15757,17048,32141,15462,16679,664,295,369,15059,14918,21,120,16843,13849,1790,552,353,299,539
"해남군",65175,32434,32741,63166,31217,31949,2009,1217,792,28928,28491,42,395,31247,24345,5709,449,207,537,981
"영암군",57476,30908,26568,51322,26362,24960,6154,4546,1608,24425,22747,50,1628,27037,15280,10482,592,391,292,995
"무안군",81789,41571,40218,79466,40205,39261,2323,1366,957,32529,32078,45,406,32404,18447,12737,477,309,434,2457
"함평군",30556,15229,15327,29573,14681,14892,983,548,435,13641,13434,29,178,14693,13256,889,232,104,212,601
"영광군",50004,25007,24997,48700,24240,24460,1304,767,537,21668,21345,44,279,23125,15599,5947,905,309,365,835
"장성군",42193,21369,20824,40650,20429,20221,1543,940,603,17365,17059,28,278,18754,13799,4136,499,58,262,695
"완도군",48366,25336,23030,45517,23033,22484,2849,2303,546,21536,20810,31,695,21446,17984,1997,615,344,506,913
"진도군",29295,15134,14161,27300,13481,13819,1995,1653,342,13597,13090,12,495,13965,12272,950,337,201,205,469
"신안군",35432,18838,16594,34274,18020,16254,1158,818,340,16749,16481,36,232,16618,16197,20,100,62,239,551
"경상북도",2668154,1352404,1315750,2586314,1301956,1284358,81840,50448,31392,1123145,1102934,1201,19010,1081216,456513,529133,30223,47074,18273,33216
"읍부",606582,310685,295897,581486,294514,286972,25096,16171,8925,247459,241575,288,5596,242365,94029,124947,6868,12261,4260,6951
"면부",651493,329594,321899,627307,312679,314628,24186,16915,7271,299018,294696,478,3844,320411,258019,47969,4989,5363,4071,13485
"동부",1410079,712125,697954,1377521,694763,682758,32558,17362,15196,576668,566663,435,9570,518440,104465,356217,18366,29450,9942,12780
"포항시",502064,254874,247190,493476,249770,243706,8588,5104,3484,204305,202492,136,1677,198062,46326,127997,8357,11403,3979,3573
"남구",233172,121579,111593,228741,118681,110060,4431,2898,1533,96157,95137,58,962,89247,23860,51430,4434,7576,1947,1760
"북구",268892,133295,135597,264735,131089,133646,4157,2206,1951,108148,107355,78,715,108815,22466,76567,3923,3827,2032,1813
"경주시",264314,134636,129678,246801,123616,123185,17513,11020,6493,113433,108194,121,5118,109332,45882,51692,3603,6206,1949,4530
"김천시",139902,70085,69817,136572,68190,68382,3330,1895,1435,58106,57408,115,583,60340,26399,30670,1279,1056,936,2400
"안동시",160344,79503,80841,158260,78505,79755,2084,998,1086,68783,68285,67,431,67940,31345,32470,1494,1316,1315,1849
"구미시",420319,217387,202932,413284,213409,199875,7035,3978,3057,166709,164752,135,1822,149882,25413,109851,3703,9166,1749,3577
"영주시",105235,52678,52557,103667,51897,51770,1568,781,787,44659,44303,47,309,42282,20936,17009,1643,1502,1192,1284
"영천시",100487,51762,48725,95795,48394,47401,4692,3368,1324,44131,43310,73,748,44453,23023,18714,934,1146,636,2054
"상주시",96641,47669,48972,95188,47013,48175,1453,656,797,42925,42579,55,291,43058,29400,11299,388,1216,755,1450
"문경시",68542,33614,34928,67511,33128,34383,1031,486,545,30329,30068,35,226,30233,19427,7322,1304,1416,764,984
"경산시",290088,146429,143659,274546,137109,137437,15542,9320,6222,116892,112324,95,4473,94957,22792,66993,947,3239,986,2726
"군위군",22206,11434,10772,21457,10888,10569,749,546,203,10680,10560,20,100,10940,9654,631,162,332,161,521
"의성군",49477,24114,25363,48566,23601,24965,911,513,398,23969,23767,37,165,26167,22547,2173,341,715,391,699
"청송군",23958,11929,12029,23634,11832,11802,324,97,227,11593,11512,14,67,12366,9877,1475,181,562,271,425
"영양군",16146,7832,8314,15839,7754,8085,307,78,229,7609,7539,8,62,8183,7092,359,146,481,105,192
"영덕군",35672,17342,18330,34264,16282,17982,1408,1060,348,17164,16918,25,221,18232,14705,1499,856,726,446,528
"청도군",41054,19891,21163,39491,19169,20322,1563,722,841,18798,18616,37,145,21688,18134,2243,362,668,281,726
"고령군",32191,16961,15230,29754,15038,14716,2437,1923,514,13873,13468,18,387,13709,8959,3867,183,478,222,890
"성주군",41314,21570,19744,39005,19857,19148,2309,1713,596,18299,17835,28,436,16926,14592,1360,295,345,334,1151
"칠곡군",118517,62074,56443,113115,58378,54737,5402,3696,1706,47475,46237,67,1171,42920,14347,24405,619,2845,704,1735
"예천군",53020,25971,27049,52264,25659,26605,756,312,444,23543,23382,17,144,27533,16363,9906,377,603,284,548
"봉화군",30308,15056,15252,29830,14890,14940,478,166,312,14092,13992,18,82,15187,12190,1596,793,420,188,416
"울진군",47651,24745,22906,45565,22951,22614,2086,1794,292,21632,21332,26,274,23776,14711,5420,2069,1126,450,649
"울릉군",8704,4848,3856,8430,4626,3804,274,222,52,4146,4061,7,78,3050,2399,182,187,107,175,309
"경상남도",3347209,1703892,1643317,3241301,1632680,1608621,105908,71212,34696,1347182,1321213,1186,24783,1266739,418312,767442,26476,37378,17131,43193
"읍부",509697,256954,252743,495865,248400,247465,13832,8554,5278,198799,195142,181,3476,194727,56456,124767,4866,5837,2801,5533
"면부",700689,358337,342352,663389,330065,333324,37300,28272,9028,304185,296735,521,6929,324263,227337,84205,4020,4158,4543,12529
"동부",2136823,1088601,1048222,2082047,1054215,1027832,54776,34386,20390,844198,829336,484,14378,747749,134519,558470,17590,27383,9787,25131
"진주시",354166,176860,177306,347014,172576,174438,7152,4284,2868,142418,140718,107,1593,124822,41562,77476,1172,2261,2351,2932
"통영시",129931,67013,62918,124592,62723,61869,5339,4290,1049,54379,53200,50,1129,52023,19309,29289,1242,1210,973,1726
"사천시",111110,57277,53833,106363,53648,52715,4747,3629,1118,46505,45589,72,844,46828,20550,22915,1520,823,1020,1402
"김해시",549331,282374,266957,522270,263300,258970,27061,19074,7987,208189,201314,152,6723,189429,27524,146593,1985,11666,1661,7099
"밀양시",103402,50463,52939,99277,48632,50645,4125,1831,2294,45869,44923,55,891,47781,27701,16880,1062,1257,881,1389
"거제시",251226,135173,116053,240640,127498,113142,10586,7675,2911,96257,93728,87,2442,98994,22758,68101,4006,2710,1419,2629
"양산시",347221,175280,171941,338292,169497,168795,8929,5783,3146,136676,134260,75,2341,130194,14904,110279,1063,2892,1056,3136
"창원시",1036862,528300,508562,1015638,515032,500606,21224,13268,7956,409391,403524,270,5597,354691,78122,253812,9856,8913,3988,15174
"의창구",256001,130662,125339,250901,127671,123230,5100,2991,2109,100905,99371,56,1478,79170,21153,52186,2038,2829,964,3211
"성산구",219951,114488,105463,214760,110853,103907,5191,3635,1556,82584,81246,55,1283,72444,5587,65951,536,56,314,5144
"마산합포구",177579,88712,88867,174434,86830,87604,3145,1882,1263,73987,73294,88,605,64292,21702,38663,1463,1239,1225,3624
"마산회원구",192446,96351,96095,189575,94740,94835,2871,1611,1260,75748,74963,36,749,63898,14538,43559,2568,2462,771,2187
"진해구",190885,98087,92798,185968,94938,91030,4917,3149,1768,76167,74650,35,1482,74887,15142,53453,3251,2327,714,1008
"의령군",26040,12736,13304,24990,12093,12897,1050,643,407,12360,12144,29,187,13278,11244,1243,280,364,147,483
"함안군",66611,34951,31660,61765,31041,30724,4846,3910,936,27491,26560,52,879,28069,15404,11149,548,529,439,1254
"창녕군",62370,31701,30669,58462,29034,29428,3908,2667,1241,27452,26590,49,813,27994,19450,5971,845,1372,356,1247
"고성군",50887,25867,25020,49059,24581,24478,1828,1286,542,22215,21824,41,350,23925,16959,5059,479,996,432,801
"남해군",42169,20688,21481,40990,19742,21248,1179,946,233,19563,19316,22,225,22676,19518,1971,258,412,517,439
"하동군",42583,21017,21566,41828,20699,21129,755,318,437,19560,19387,24,149,20359,16844,2450,393,312,360,725
"산청군",33579,16247,17332,32659,15815,16844,920,432,488,15565,15356,31,178,16781,14755,1308,229,137,352,693
"함양군",37384,18088,19296,36726,17728,18998,658,360,298,17296,17165,20,111,18633,14567,3122,154,455,335,647
"거창군",59888,29499,30389,59132,29129,30003,756,370,386,25684,25491,24,169,26961,17221,8101,583,579,477,756
"합천군",42449,20358,22091,41604,19912,21692,845,446,399,20312,20124,26,162,23301,19920,1723,801,490,367,661
"제주특별자치도",665048,336598,328450,637031,320102,316929,28017,16496,11521,261162,253716,237,7209,241788,94686,76495,29521,35372,5714,16246
"읍부",151015,78247,72768,140712,71403,69309,10303,6844,3459,59915,57707,84,2124,60958,40705,4964,8385,5258,1646,3242
"면부",35474,18405,17069,33342,16987,16355,2132,1418,714,15247,14715,21,511,15235,12349,506,942,1007,431,886
"동부",478559,239946,238613,462977,231712,231265,15582,8234,7348,186000,181294,132,4574,165595,41632,71025,20194,29107,3637,12118
"제주시",487688,246161,241527,468634,235226,233408,19054,10935,8119,189701,184488,164,5049,170431,60578,58244,18880,28829,3900,12516
"서귀포시",177360,90437,86923,168397,84876,83521,8963,5561,3402,71461,69228,73,2160,71357,34108,18251,10641,6543,1814,3730
